Model,Accuracy,Precision,Recall,F1 Score
Logreg,0.7510548523206751,0.7108433734939759,0.6276595744680851,0.6666666666666666
Random Forests,0.7616033755274262,0.7419354838709677,0.6117021276595744,0.6705539358600583
AdaBoost,0.7679324894514767,0.7241379310344828,0.6702127659574468,0.6961325966850829
