Model,Accuracy,Precision,Recall,F1 Score
Logreg,0.7574123989218329,0.7616279069767442,0.7277777777777777,0.7443181818181819
Random Forests,0.7628032345013477,0.7705882352941177,0.7277777777777777,0.7485714285714287
AdaBoost,0.7331536388140162,0.7189189189189189,0.7388888888888889,0.7287671232876712
