Model,Accuracy,Precision,Recall,F1 Score
Logreg,0.7303664921465969,0.7116564417177914,0.6744186046511628,0.6925373134328359
Random Forests,0.7198952879581152,0.6795580110497238,0.7151162790697675,0.6968838526912181
AdaBoost,0.7068062827225131,0.6685393258426966,0.6918604651162791,0.6799999999999999
