Model,Accuracy,Precision,Recall,F1 Score
Logreg,0.737527114967462,0.7253218884120172,0.7477876106194691,0.7363834422657952
Random Forests,0.737527114967462,0.7196652719665272,0.7610619469026548,0.7397849462365591
AdaBoost,0.7331887201735358,0.7288888888888889,0.7256637168141593,0.7272727272727273
