Model,Accuracy,Precision,Recall,F1 Score
Logreg,0.751131221719457,0.7198067632850241,0.7412935323383084,0.7303921568627451
Random Forests,0.7714932126696833,0.75,0.746268656716418,0.748129675810474
AdaBoost,0.746606334841629,0.7050691244239631,0.7611940298507462,0.7320574162679425
