Model,Accuracy,Precision,Recall,F1 Score
Logreg,0.7374005305039788,0.7333333333333333,0.650887573964497,0.6896551724137931
Random Forests,0.7904509283819628,0.7884615384615384,0.727810650887574,0.7569230769230769
AdaBoost,0.7294429708222812,0.7055214723926381,0.6804733727810651,0.6927710843373494
