Model,Accuracy,Precision,Recall,F1 Score
Logreg,0.7655737704918033,0.7094972067039106,0.5825688073394495,0.6397984886649875
Random Forests,0.7524590163934426,0.6634146341463415,0.6238532110091743,0.6430260047281324
AdaBoost,0.760655737704918,0.6651376146788991,0.6651376146788991,0.6651376146788991
