,Model,Accuracy,Precision,Recall,F1 Score
0,Logreg,0.6981627296587927,0.6386138613861386,0.7543859649122807,0.6916890080428955
1,Random Forests,0.7191601049868767,0.6553398058252428,0.7894736842105263,0.7161803713527851
2,AdaBoost,0.7034120734908137,0.6407766990291263,0.7719298245614035,0.70026525198939
