Model,Accuracy,Precision,Recall,F1 Score
Logreg,0.726984126984127,0.6185567010309279,0.5504587155963303,0.5825242718446602
Random Forests,0.7333333333333333,0.6190476190476191,0.5963302752293578,0.6074766355140186
AdaBoost,0.6952380952380952,0.5607476635514018,0.5504587155963303,0.5555555555555556
