Model,Accuracy,Precision,Recall,F1 Score
Logreg,0.75736568457539,0.7120418848167539,0.6153846153846154,0.6601941747572816
Random Forests,0.7538994800693241,0.7068062827225131,0.6108597285067874,0.6553398058252426
AdaBoost,0.7383015597920277,0.675,0.6108597285067874,0.6413301662707839
