Model,Accuracy,Precision,Recall,F1 Score
Logreg,0.75,0.7272727272727273,0.7472527472527473,0.7371273712737128
Random Forests,0.770618556701031,0.746031746031746,0.7747252747252747,0.7601078167115903
AdaBoost,0.7396907216494846,0.7165775401069518,0.7362637362637363,0.7262872628726287
