Model,Accuracy,Precision,Recall,F1 Score
Logreg,0.7241379310344828,0.7098765432098766,0.6686046511627907,0.6886227544910181
Random Forests,0.7453580901856764,0.7043010752688172,0.7616279069767442,0.7318435754189944
AdaBoost,0.726790450928382,0.6906077348066298,0.7267441860465116,0.708215297450425
