Model,Accuracy,Precision,Recall,F1 Score
Logreg,0.8536585365853658,0.6875,0.9166666666666666,0.7857142857142857
Random Forests,0.7804878048780488,0.5882352941176471,0.8333333333333334,0.6896551724137931
XGBoost,0.7804878048780488,0.6153846153846154,0.6666666666666666,0.64
