Model,Accuracy,Precision,Recall,F1 Score
Logreg,0.6440677966101694,0.5238095238095238,0.5,0.5116279069767442
Random Forests,0.6271186440677966,0.0,0.0,0.0
AdaBoost,0.6271186440677966,0.5,0.45454545454545453,0.47619047619047616
