Model,Accuracy,Precision,Recall,F1 Score
Logreg,0.754950495049505,0.6612903225806451,0.5899280575539568,0.623574144486692
Random Forests,0.7623762376237624,0.6666666666666666,0.6187050359712231,0.6417910447761194
AdaBoost,0.7400990099009901,0.6164383561643836,0.6474820143884892,0.631578947368421
