Model,Accuracy,Precision,Recall,F1 Score
Logreg,0.7347480106100795,0.7133757961783439,0.6706586826347305,0.691358024691358
Random Forests,0.7400530503978779,0.7169811320754716,0.6826347305389222,0.6993865030674846
AdaBoost,0.7453580901856764,0.7232704402515723,0.688622754491018,0.7055214723926381
