Model,Accuracy,Precision,Recall,F1 Score
Logreg,0.559322033898305,0.42105263157894735,0.34782608695652173,0.380952380952381
Random Forests,0.6101694915254238,0.0,0.0,0.0
AdaBoost,0.5254237288135594,0.38095238095238093,0.34782608695652173,0.3636363636363636
