Model,Accuracy,Precision,Recall,F1 Score
Logreg,0.739240506329114,0.7619047619047619,0.6222222222222222,0.6850152905198776
Random Forests,0.7265822784810126,0.7307692307692307,0.6333333333333333,0.6785714285714285
AdaBoost,0.7291139240506329,0.7212121212121212,0.6611111111111111,0.6898550724637682
