Model,Accuracy,Precision,Recall,F1 Score
Logreg,0.7608695652173914,0.3,0.42857142857142855,0.3529411764705882
Random Forests,0.8478260869565217,0.0,0.0,0.0
AdaBoost,0.6521739130434783,0.23529411764705882,0.5714285714285714,0.3333333333333333
