Model,Accuracy,Precision,Recall,F1 Score
Logreg,0.7659574468085106,0.6842105263157895,0.7222222222222222,0.7027027027027027
Random Forests,0.6170212765957447,0.0,0.0,0.0
AdaBoost,0.574468085106383,0.4375,0.3888888888888889,0.411764705882353
