Model,Accuracy,Precision,Recall,F1 Score
Logreg,0.7223427331887202,0.7512437810945274,0.6593886462882096,0.7023255813953488
Random Forests,0.720173535791757,0.7336448598130841,0.6855895196506551,0.7088036117381491
AdaBoost,0.7071583514099783,0.7175925925925926,0.6768558951965066,0.6966292134831461
