Model,Accuracy,Precision,Recall,F1 Score
Logreg,0.7606973058637084,0.6931216931216931,0.5848214285714286,0.6343825665859564
Random Forests,0.7638668779714739,0.6794258373205742,0.6339285714285714,0.6558891454965358
AdaBoost,0.7448494453248812,0.647887323943662,0.6160714285714286,0.6315789473684211
