Model,Accuracy,Precision,Recall,F1 Score
Logreg,0.6125,0.6842105263157895,0.34210526315789475,0.45614035087719296
Random Forests,0.7375,0.9047619047619048,0.5,0.6440677966101696
AdaBoost,0.65,0.7083333333333334,0.4473684210526316,0.5483870967741936
