Model,Accuracy,Precision,Recall,F1 Score
Logreg,0.5921052631578947,0.525,0.6363636363636364,0.5753424657534246
Random Forests,0.6447368421052632,0.6,0.5454545454545454,0.5714285714285713
AdaBoost,0.5263157894736842,0.4594594594594595,0.5151515151515151,0.48571428571428577
