Model,Accuracy,Precision,Recall,F1 Score
Logreg,0.7341176470588235,0.7898089171974523,0.6078431372549019,0.6869806094182825
Random Forests,0.7623529411764706,0.8011695906432749,0.6715686274509803,0.7306666666666666
AdaBoost,0.7529411764705882,0.8113207547169812,0.6323529411764706,0.7107438016528926
