Model,Accuracy,Precision,Recall,F1 Score
Logreg,0.7115384615384616,0.6428571428571429,0.47368421052631576,0.5454545454545454
Random Forests,0.6346153846153846,0.0,0.0,0.0
AdaBoost,0.7115384615384616,0.6111111111111112,0.5789473684210527,0.5945945945945946
