Model,Accuracy,Precision,Recall,F1 Score
Logreg,0.7620578778135049,0.7134502923976608,0.5520361990950227,0.6224489795918368
Random Forests,0.770096463022508,0.7142857142857143,0.5882352941176471,0.6451612903225806
AdaBoost,0.7620578778135049,0.7016574585635359,0.5746606334841629,0.6318407960199005
