Model,Accuracy,Precision,Recall,F1 Score
Logreg,0.7835051546391752,0.7012195121951219,0.5989583333333334,0.646067415730337
Random Forests,0.7920962199312714,0.7052023121387283,0.6354166666666666,0.6684931506849314
AdaBoost,0.761168384879725,0.6464088397790055,0.609375,0.6273458445040214
