Model,Accuracy,Precision,Recall,F1 Score
Logreg,0.8055555555555556,0.8181818181818182,0.6428571428571429,0.7200000000000001
Random Forests,0.6111111111111112,0.0,0.0,0.0
AdaBoost,0.7222222222222222,0.6666666666666666,0.5714285714285714,0.6153846153846153
