Model,Accuracy,Precision,Recall,F1 Score
Logreg,0.4603174603174603,0.42857142857142855,0.2903225806451613,0.34615384615384615
Random Forests,0.6190476190476191,0.7058823529411765,0.3870967741935484,0.5
AdaBoost,0.5555555555555556,0.5714285714285714,0.3870967741935484,0.4615384615384615
