Model,Accuracy,Precision,Recall,F1 Score
Logreg,0.7418181818181818,0.6952380952380952,0.6517857142857143,0.6728110599078342
Random Forests,0.7781818181818182,0.7451923076923077,0.6919642857142857,0.7175925925925926
AdaBoost,0.7654545454545455,0.7111111111111111,0.7142857142857143,0.712694877505568
