Model,Accuracy,Precision,Recall,F1 Score
Logreg,0.7705696202531646,0.7225130890052356,0.6,0.655581947743468
Random Forests,0.7895569620253164,0.7461928934010152,0.6391304347826087,0.6885245901639344
AdaBoost,0.7753164556962026,0.72,0.6260869565217392,0.6697674418604651
