Model,Accuracy,Precision,Recall,F1 Score
Logreg,0.7681992337164751,0.7676767676767676,0.6696035242290749,0.7152941176470589
Random Forests,0.7567049808429118,0.7450980392156863,0.6696035242290749,0.7053364269141532
AdaBoost,0.7394636015325671,0.7077625570776256,0.6828193832599119,0.695067264573991
