Model,Accuracy,Precision,Recall,F1 Score
Logreg,0.7648456057007126,0.7426470588235294,0.6121212121212121,0.6710963455149502
Random Forests,0.7482185273159145,0.7153284671532847,0.593939393939394,0.6490066225165563
AdaBoost,0.7410926365795725,0.6794871794871795,0.6424242424242425,0.6604361370716512
