Model,Accuracy,Precision,Recall,F1 Score
Logreg,0.625,0.5384615384615384,0.3684210526315789,0.4375
Random Forests,0.6041666666666666,0.0,0.0,0.0
AdaBoost,0.6875,0.6666666666666666,0.42105263157894735,0.5161290322580646
