Model,Accuracy,Precision,Recall,F1 Score
Logreg,0.735,0.6956521739130435,0.4507042253521127,0.547008547008547
Random Forests,0.69,0.6551724137931034,0.2676056338028169,0.38
AdaBoost,0.71,0.6274509803921569,0.4507042253521127,0.5245901639344263
