Model,Accuracy,Precision,Recall,F1 Score
Logreg,0.7313915857605178,0.6929824561403509,0.6220472440944882,0.6556016597510375
Random Forests,0.7313915857605178,0.7037037037037037,0.5984251968503937,0.6468085106382979
AdaBoost,0.7055016181229773,0.6551724137931034,0.5984251968503937,0.625514403292181
