Model,Accuracy,Precision,Recall,F1 Score
Logreg,0.7560975609756098,0.8,0.631578947368421,0.7058823529411765
Random Forests,0.7560975609756098,0.7368421052631579,0.7368421052631579,0.7368421052631579
XGBoost,0.7560975609756098,0.7368421052631579,0.7368421052631579,0.7368421052631579
