Model,Accuracy,Precision,Recall,F1 Score
Logreg,0.7831325301204819,0.7150837988826816,0.6305418719211823,0.6701570680628273
Random Forests,0.8055077452667814,0.7445652173913043,0.6748768472906403,0.7080103359173125
AdaBoost,0.7831325301204819,0.6915422885572139,0.6847290640394089,0.6881188118811881
