Model,Accuracy,Precision,Recall,F1 Score
Logreg,0.6133333333333333,0.5,0.5172413793103449,0.5084745762711865
Random Forests,0.6133333333333333,0.0,0.0,0.0
AdaBoost,0.6133333333333333,0.5,0.6206896551724138,0.5538461538461539
