Model,Accuracy,Precision,Recall,F1 Score
Logreg,0.7090909090909091,0.7368421052631579,0.56,0.6363636363636364
Random Forests,0.5454545454545454,0.0,0.0,0.0
AdaBoost,0.7090909090909091,0.6666666666666666,0.72,0.6923076923076923
