Model,Accuracy,Precision,Recall,F1 Score
Logreg,0.7431693989071039,0.7771084337349398,0.6935483870967742,0.7329545454545454
Random Forests,0.7759562841530054,0.7954545454545454,0.7526881720430108,0.7734806629834253
AdaBoost,0.7240437158469946,0.7401129943502824,0.7043010752688172,0.721763085399449
