Model,Accuracy,Precision,Recall,F1 Score
Logreg,0.7207446808510638,0.764367816091954,0.6751269035532995,0.7169811320754718
Random Forests,0.723404255319149,0.7409326424870466,0.7258883248730964,0.7333333333333334
AdaBoost,0.6835106382978723,0.7052631578947368,0.6802030456852792,0.6925064599483205
