Model,Accuracy,Precision,Recall,F1 Score
Logreg,0.64,0.5357142857142857,0.5172413793103449,0.5263157894736843
Random Forests,0.7066666666666667,0.6666666666666666,0.4827586206896552,0.56
AdaBoost,0.5466666666666666,0.41379310344827586,0.41379310344827586,0.41379310344827586
