Model,Accuracy,Precision,Recall,F1 Score
Logreg,0.7693602693602694,0.6666666666666666,0.5502645502645502,0.6028985507246377
Random Forests,0.7828282828282829,0.6666666666666666,0.6349206349206349,0.6504065040650407
AdaBoost,0.7542087542087542,0.612565445026178,0.6190476190476191,0.6157894736842106
