Model,Accuracy,Precision,Recall,F1 Score
Logreg,0.6891304347826087,0.6824644549763034,0.6545454545454545,0.6682134570765661
Random Forests,0.7108695652173913,0.6933333333333334,0.7090909090909091,0.701123595505618
AdaBoost,0.7021739130434783,0.6860986547085202,0.6954545454545454,0.690744920993228
