Model,Accuracy,Precision,Recall,F1 Score
Logreg,0.77,0.7540983606557377,0.5974025974025974,0.6666666666666666
Random Forests,0.77,0.743455497382199,0.6147186147186147,0.6729857819905214
AdaBoost,0.7483333333333333,0.698019801980198,0.6103896103896104,0.651270207852194
