Model,Accuracy,Precision,Recall,F1 Score
Logreg,0.7678958785249458,0.7607655502392344,0.7361111111111112,0.7482352941176471
Random Forests,0.7418655097613883,0.7136563876651982,0.75,0.7313769751693003
AdaBoost,0.7418655097613883,0.7276995305164319,0.7175925925925926,0.7226107226107226
