Model,Accuracy,Precision,Recall,F1 Score
Logreg,0.6551724137931034,0.5609756097560976,0.5111111111111111,0.5348837209302325
Random Forests,0.6120689655172413,0.0,0.0,0.0
AdaBoost,0.5775862068965517,0.4583333333333333,0.4888888888888889,0.4731182795698925
