Model,Accuracy,Precision,Recall,F1 Score
Logreg,0.7446236559139785,0.7305389221556886,0.7093023255813954,0.71976401179941
Random Forests,0.7634408602150538,0.7592592592592593,0.7151162790697675,0.7365269461077845
AdaBoost,0.7795698924731183,0.7556818181818182,0.7732558139534884,0.764367816091954
