Day,Overall Accuracy,Top 10 Accuracy
08/19,0.7234042553191491,0.8
08/20,0.7453580901856764,0.9
08/21,0.7303664921465969,0.4
08/22,0.7706185567010309,0.7
08/23,0.7108695652173913,0.8
08/24,0.7714932126696833,0.7
08/25,0.7375271149674619,1.0
